OrderID,OrderDate,CustomerID,Region,ProductCategory,Quantity,Sales,Profit
1001,2022-01-01,202,North,Technology,6,365.78,35.58
1002,2022-01-02,448,West,Furniture,8,325.15,91.23
1003,2022-01-03,370,South,Office Supplies,6,2040.58,456.9
1004,2022-01-04,206,East,Furniture,1,415.19,84.16
1005,2022-01-05,171,North,Office Supplies,8,3162.94,316.17
1006,2022-01-06,288,North,Furniture,8,2248.21,143.62
1007,2022-01-07,120,East,Technology,9,611.42,117.46
1008,2022-01-08,202,South,Technology,9,3152.35,671.07
1009,2022-01-09,221,South,Technology,2,272.21,27.95
1010,2022-01-10,314,South,Office Supplies,2,914.63,172.97
1011,2022-01-11,430,West,Furniture,3,1267.1,334.67
1012,2022-01-12,187,North,Technology,1,360.5,93.29
1013,2022-01-13,472,North,Furniture,4,1901.78,536.0
1014,2022-01-14,199,North,Furniture,4,140.33,19.85
1015,2022-01-15,459,West,Technology,9,3360.39,435.21
1016,2022-01-16,251,North,Technology,9,1606.65,381.35
1017,2022-01-17,230,West,Furniture,9,4094.2,645.98
1018,2022-01-18,249,South,Technology,7,1036.03,74.48
1019,2022-01-19,408,East,Technology,2,735.86,88.82
1020,2022-01-20,357,North,Technology,5,2206.35,341.2
1021,2022-01-21,443,North,Office Supplies,4,159.98,19.7
1022,2022-01-22,393,South,Furniture,8,1686.97,224.45
1023,2022-01-23,485,East,Furniture,2,771.82,95.28
1024,2022-01-24,291,West,Office Supplies,6,1430.17,86.35
1025,2022-01-25,376,East,Furniture,5,741.41,155.16
1026,2022-01-26,260,South,Technology,2,251.01,50.03
1027,2022-01-27,413,South,Furniture,1,83.13,17.74
1028,2022-01-28,121,East,Technology,8,3451.38,338.5
1029,2022-01-29,352,West,Office Supplies,2,592.34,73.4
1030,2022-01-30,335,West,Technology,7,396.65,81.28
1031,2022-01-31,444,North,Furniture,9,1832.75,366.38
1032,2022-02-01,148,West,Furniture,9,1768.61,312.31
1033,2022-02-02,158,East,Furniture,8,857.88,118.05
1034,2022-02-03,269,South,Office Supplies,9,2061.39,573.55
1035,2022-02-04,287,North,Office Supplies,2,358.82,48.42
1036,2022-02-05,370,North,Furniture,6,1104.39,181.01
1037,2022-02-06,289,South,Technology,4,1498.93,329.06
1038,2022-02-07,274,West,Office Supplies,4,508.67,94.49
1039,2022-02-08,150,South,Furniture,5,1640.46,224.29
1040,2022-02-09,463,West,Furniture,3,881.74,140.12
1041,2022-02-10,154,South,Office Supplies,1,292.68,72.77
1042,2022-02-11,343,East,Office Supplies,8,2705.95,323.45
1043,2022-02-12,419,West,Office Supplies,5,1416.12,121.17
1044,2022-02-13,230,East,Technology,3,1326.13,170.13
1045,2022-02-14,406,North,Technology,7,2409.95,632.33
1046,2022-02-15,234,South,Furniture,7,1977.8,142.89
1047,2022-02-16,120,North,Office Supplies,1,418.29,124.62
1048,2022-02-17,428,North,Technology,9,2798.55,518.43
1049,2022-02-18,266,North,Office Supplies,2,319.5,94.64
1050,2022-02-19,373,North,Furniture,5,597.03,170.0
1051,2022-02-20,487,South,Technology,5,465.59,75.99
1052,2022-02-21,188,North,Technology,8,3613.91,360.03
1053,2022-02-22,415,South,Technology,8,2886.92,263.35
1054,2022-02-23,113,South,Furniture,7,3289.59,361.85
1055,2022-02-24,341,East,Office Supplies,7,2167.06,493.08
1056,2022-02-25,364,West,Technology,6,1483.39,175.39
1057,2022-02-26,445,West,Furniture,6,291.98,39.52
1058,2022-02-27,152,South,Office Supplies,9,3081.49,499.8
1059,2022-02-28,485,East,Furniture,6,1796.76,500.05
1060,2022-03-01,439,South,Office Supplies,2,990.6,96.43
1061,2022-03-02,191,South,Furniture,2,269.59,13.82
1062,2022-03-03,466,South,Office Supplies,5,1373.77,89.33
1063,2022-03-04,363,East,Technology,4,1329.84,367.29
1064,2022-03-05,134,West,Office Supplies,2,658.81,139.59
1065,2022-03-06,305,East,Furniture,3,868.26,102.68
1066,2022-03-07,180,North,Furniture,7,2750.48,259.37
1067,2022-03-08,149,East,Office Supplies,8,947.13,117.03
1068,2022-03-09,459,East,Technology,6,2209.81,173.91
1069,2022-03-10,487,East,Technology,5,1587.36,453.01
1070,2022-03-11,101,East,Office Supplies,1,450.12,110.75
1071,2022-03-12,489,West,Office Supplies,8,3413.23,565.22
1072,2022-03-13,153,North,Furniture,3,513.81,136.8
1073,2022-03-14,205,West,Technology,6,915.56,102.88
1074,2022-03-15,359,West,Office Supplies,3,1473.58,337.86
1075,2022-03-16,409,East,Technology,7,1911.61,504.73
1076,2022-03-17,290,South,Office Supplies,7,3185.57,443.41
1077,2022-03-18,317,South,Office Supplies,9,887.97,212.55
1078,2022-03-19,143,West,Technology,5,1642.77,203.32
1079,2022-03-20,261,West,Office Supplies,8,3269.86,407.8
1080,2022-03-21,301,East,Office Supplies,8,3798.0,291.55
1081,2022-03-22,369,West,Furniture,1,181.92,29.11
1082,2022-03-23,450,East,Office Supplies,5,1839.95,427.66
1083,2022-03-24,403,South,Office Supplies,3,835.89,238.27
1084,2022-03-25,370,South,Office Supplies,1,49.1,9.87
1085,2022-03-26,314,North,Furniture,4,1404.8,373.37
1086,2022-03-27,351,South,Technology,8,2809.97,718.29
1087,2022-03-28,289,West,Furniture,3,1400.07,130.68
1088,2022-03-29,395,South,Furniture,2,517.42,88.71
1089,2022-03-30,312,East,Technology,9,1174.68,93.07
1090,2022-03-31,307,South,Furniture,5,206.95,45.64
1091,2022-04-01,336,North,Technology,7,1536.56,441.72
1092,2022-04-02,437,South,Furniture,2,329.84,27.8
1093,2022-04-03,466,East,Technology,9,3467.9,809.65
1094,2022-04-04,152,East,Office Supplies,9,1710.44,355.87
1095,2022-04-05,379,West,Furniture,4,1902.22,372.65
1096,2022-04-06,316,South,Furniture,4,1927.64,284.38
1097,2022-04-07,351,East,Furniture,6,1908.22,264.83
1098,2022-04-08,287,North,Furniture,6,2794.54,171.34
1099,2022-04-09,479,West,Office Supplies,1,385.21,40.25
1100,2022-04-10,140,North,Furniture,9,2542.43,136.77
1101,2022-04-11,256,South,Office Supplies,2,213.1,41.63
1102,2022-04-12,114,South,Office Supplies,5,1200.64,91.8
1103,2022-04-13,400,South,Office Supplies,9,2602.98,698.26
1104,2022-04-14,164,West,Office Supplies,4,1738.81,314.35
1105,2022-04-15,444,East,Technology,3,753.12,169.39
1106,2022-04-16,426,West,Technology,7,3156.19,482.0
1107,2022-04-17,108,North,Furniture,6,2062.13,392.1
1108,2022-04-18,443,West,Technology,8,686.08,195.99
1109,2022-04-19,228,North,Technology,3,1492.77,105.51
1110,2022-04-20,235,West,Furniture,5,1365.36,154.95
1111,2022-04-21,162,East,Furniture,4,832.37,203.93
1112,2022-04-22,238,North,Furniture,4,1345.5,100.49
1113,2022-04-23,180,South,Technology,4,289.08,19.92
1114,2022-04-24,491,South,Technology,8,2604.31,365.61
1115,2022-04-25,262,West,Furniture,6,1554.92,113.57
1116,2022-04-26,388,South,Office Supplies,3,645.61,126.71
1117,2022-04-27,478,North,Furniture,5,2387.25,254.41
1118,2022-04-28,360,South,Office Supplies,6,1624.91,445.1
1119,2022-04-29,330,East,Office Supplies,5,625.88,153.89
1120,2022-04-30,140,East,Furniture,6,1441.81,324.3
1121,2022-05-01,127,West,Furniture,8,3690.45,753.72
1122,2022-05-02,234,North,Furniture,7,731.68,194.53
1123,2022-05-03,300,East,Technology,5,613.5,64.89
1124,2022-05-04,427,East,Office Supplies,6,157.53,42.26
1125,2022-05-05,367,North,Technology,4,107.24,26.53
1126,2022-05-06,132,South,Technology,9,3762.97,891.98
1127,2022-05-07,147,South,Furniture,4,1485.68,282.75
1128,2022-05-08,161,West,Technology,1,190.42,21.24
1129,2022-05-09,315,South,Furniture,7,2486.33,387.59
1130,2022-05-10,392,North,Office Supplies,7,1467.89,364.61
1131,2022-05-11,198,East,Furniture,4,1909.56,110.65
1132,2022-05-12,271,South,Technology,3,1452.56,356.62
1133,2022-05-13,459,West,Technology,8,1668.33,183.55
1134,2022-05-14,313,South,Furniture,5,2150.13,185.08
1135,2022-05-15,134,North,Furniture,7,2737.58,216.06
1136,2022-05-16,326,West,Technology,4,675.2,38.36
1137,2022-05-17,200,South,Office Supplies,4,525.52,95.06
1138,2022-05-18,230,West,Office Supplies,8,1919.62,200.73
1139,2022-05-19,356,North,Furniture,8,3160.38,939.76
1140,2022-05-20,104,East,Office Supplies,2,961.76,186.21
1141,2022-05-21,317,North,Technology,2,773.04,65.3
1142,2022-05-22,354,North,Furniture,3,1291.5,286.96
1143,2022-05-23,497,North,Technology,3,928.41,254.79
1144,2022-05-24,458,North,Technology,1,421.0,99.48
1145,2022-05-25,382,East,Office Supplies,3,1189.57,82.21
1146,2022-05-26,492,East,Furniture,6,1205.72,330.33
1147,2022-05-27,306,West,Furniture,8,2279.64,566.45
1148,2022-05-28,114,South,Office Supplies,6,2437.69,218.36
1149,2022-05-29,445,East,Technology,5,210.54,13.25
1150,2022-05-30,141,East,Technology,4,1631.51,308.89
1151,2022-05-31,479,South,Technology,3,316.16,28.14
1152,2022-06-01,278,East,Technology,4,1068.19,276.28
1153,2022-06-02,162,North,Furniture,7,2855.81,398.62
1154,2022-06-03,451,North,Furniture,1,141.83,39.46
1155,2022-06-04,330,South,Office Supplies,7,965.91,184.9
1156,2022-06-05,340,West,Office Supplies,1,213.33,20.41
1157,2022-06-06,151,West,Furniture,2,898.86,76.31
1158,2022-06-07,195,South,Furniture,4,80.85,15.69
1159,2022-06-08,487,South,Technology,1,452.66,108.85
1160,2022-06-09,321,North,Technology,9,844.45,207.21
1161,2022-06-10,330,West,Office Supplies,6,2971.45,353.42
1162,2022-06-11,336,East,Furniture,1,478.33,48.34
1163,2022-06-12,242,North,Office Supplies,1,257.44,13.95
1164,2022-06-13,270,South,Furniture,6,1596.63,350.94
1165,2022-06-14,128,West,Technology,4,1004.57,69.46
1166,2022-06-15,135,East,Office Supplies,4,1300.05,201.76
1167,2022-06-16,112,East,Office Supplies,6,381.28,76.42
1168,2022-06-17,259,North,Furniture,7,249.6,70.96
1169,2022-06-18,426,West,Technology,9,429.28,54.93
1170,2022-06-19,286,West,Office Supplies,5,1166.48,131.16
1171,2022-06-20,342,South,Technology,9,1370.37,292.63
1172,2022-06-21,185,West,Office Supplies,4,1274.32,260.99
1173,2022-06-22,383,West,Technology,2,992.74,132.06
1174,2022-06-23,165,North,Furniture,3,616.31,173.82
1175,2022-06-24,269,West,Office Supplies,1,295.44,77.17
1176,2022-06-25,144,East,Office Supplies,6,1316.94,139.59
1177,2022-06-26,161,North,Technology,6,2560.14,281.07
1178,2022-06-27,233,North,Technology,1,453.07,80.68
1179,2022-06-28,383,South,Office Supplies,3,1323.39,322.1
1180,2022-06-29,127,West,Furniture,5,2438.49,148.77
1181,2022-06-30,207,South,Technology,3,99.63,22.25
1182,2022-07-01,143,East,Technology,3,1269.34,269.17
1183,2022-07-02,439,North,Technology,3,1142.55,123.25
1184,2022-07-03,385,North,Office Supplies,5,648.87,142.97
1185,2022-07-04,430,North,Office Supplies,5,2395.17,682.73
1186,2022-07-05,227,East,Office Supplies,4,364.5,22.49
1187,2022-07-06,447,East,Office Supplies,1,346.18,44.97
1188,2022-07-07,330,South,Furniture,5,639.74,102.07
1189,2022-07-08,289,South,Furniture,5,1135.31,312.0
1190,2022-07-09,324,South,Office Supplies,4,1460.79,424.45
1191,2022-07-10,484,West,Furniture,6,1742.37,280.57
1192,2022-07-11,476,North,Technology,4,900.8,213.95
1193,2022-07-12,382,North,Technology,7,1236.5,226.17
1194,2022-07-13,220,South,Technology,7,2961.26,546.19
1195,2022-07-14,215,North,Office Supplies,2,178.06,21.28
1196,2022-07-15,332,South,Technology,3,679.35,70.81
1197,2022-07-16,358,West,Furniture,1,453.8,55.36
1198,2022-07-17,458,West,Office Supplies,8,3408.06,644.4
1199,2022-07-18,297,East,Furniture,9,1912.07,109.54
1200,2022-07-19,236,West,Technology,4,1545.17,427.72
1201,2022-07-20,417,South,Technology,6,2490.7,221.85
1202,2022-07-21,264,West,Technology,9,4019.99,422.19
1203,2022-07-22,324,East,Office Supplies,6,1688.18,303.14
1204,2022-07-23,406,North,Furniture,9,1063.27,241.92
1205,2022-07-24,333,South,Office Supplies,4,570.19,42.16
1206,2022-07-25,271,North,Office Supplies,8,1295.47,167.66
1207,2022-07-26,251,East,Technology,9,2745.23,802.07
1208,2022-07-27,414,East,Office Supplies,4,142.99,16.53
1209,2022-07-28,473,East,Office Supplies,5,1626.5,208.62
1210,2022-07-29,259,North,Technology,8,1559.12,404.01
1211,2022-07-30,195,North,Office Supplies,6,970.3,60.7
1212,2022-07-31,332,North,Technology,7,3095.11,514.26
1213,2022-08-01,279,North,Technology,3,722.4,104.68
1214,2022-08-02,212,East,Technology,7,459.38,59.33
1215,2022-08-03,417,East,Technology,8,3334.71,404.92
1216,2022-08-04,151,South,Office Supplies,6,257.21,18.74
1217,2022-08-05,367,South,Technology,9,3319.56,427.25
1218,2022-08-06,394,North,Technology,6,2348.85,142.72
1219,2022-08-07,485,West,Office Supplies,9,1703.24,417.7
1220,2022-08-08,486,West,Office Supplies,4,1663.59,248.8
1221,2022-08-09,212,East,Furniture,8,2140.13,344.51
1222,2022-08-10,200,East,Office Supplies,4,969.52,265.07
1223,2022-08-11,212,East,Office Supplies,2,83.59,17.93
1224,2022-08-12,180,South,Furniture,9,1432.93,74.53
1225,2022-08-13,286,South,Office Supplies,5,2334.42,667.16
1226,2022-08-14,212,East,Office Supplies,4,832.3,90.96
1227,2022-08-15,101,East,Office Supplies,2,564.83,43.44
1228,2022-08-16,229,East,Office Supplies,1,275.37,66.65
1229,2022-08-17,319,West,Furniture,7,2123.85,371.93
1230,2022-08-18,153,South,Office Supplies,6,296.63,47.0
1231,2022-08-19,442,West,Office Supplies,2,387.69,43.57
1232,2022-08-20,323,West,Furniture,8,2936.81,548.8
1233,2022-08-21,324,East,Technology,4,465.08,55.16
1234,2022-08-22,484,East,Furniture,8,941.74,259.35
1235,2022-08-23,225,North,Technology,7,173.9,18.05
1236,2022-08-24,229,North,Furniture,5,1149.96,311.74
1237,2022-08-25,152,West,Furniture,8,3549.7,673.92
1238,2022-08-26,271,South,Office Supplies,9,404.21,103.93
1239,2022-08-27,317,East,Technology,5,558.68,127.5
1240,2022-08-28,259,East,Office Supplies,5,844.2,189.25
1241,2022-08-29,297,West,Technology,2,742.46,97.33
1242,2022-08-30,346,North,Furniture,5,1637.53,177.63
1243,2022-08-31,423,South,Furniture,3,658.96,67.69
1244,2022-09-01,302,North,Technology,7,2690.47,711.09
1245,2022-09-02,283,North,Office Supplies,5,1563.11,398.76
1246,2022-09-03,222,North,Office Supplies,8,3600.8,576.64
1247,2022-09-04,354,North,Office Supplies,1,412.65,34.29
1248,2022-09-05,393,East,Office Supplies,3,424.05,61.73
1249,2022-09-06,379,East,Furniture,3,450.87,92.35
1250,2022-09-07,424,North,Furniture,9,721.54,118.04
1251,2022-09-08,471,South,Furniture,5,908.72,222.68
1252,2022-09-09,197,West,Furniture,9,4498.03,1346.74
1253,2022-09-10,297,South,Furniture,9,1932.85,189.0
1254,2022-09-11,494,South,Office Supplies,1,125.83,20.75
1255,2022-09-12,339,South,Office Supplies,2,771.98,121.78
1256,2022-09-13,243,North,Office Supplies,5,1401.93,176.82
1257,2022-09-14,196,East,Office Supplies,4,367.23,36.55
1258,2022-09-15,300,South,Furniture,9,1824.58,121.19
1259,2022-09-16,223,North,Furniture,7,1532.62,416.54
1260,2022-09-17,286,South,Furniture,6,2291.03,355.02
1261,2022-09-18,425,South,Technology,7,209.46,36.49
1262,2022-09-19,448,North,Office Supplies,1,149.13,41.64
1263,2022-09-20,358,East,Office Supplies,1,268.45,65.52
1264,2022-09-21,247,East,Furniture,8,1192.37,98.52
1265,2022-09-22,351,West,Office Supplies,2,643.3,123.1
1266,2022-09-23,445,North,Office Supplies,9,2261.67,363.14
1267,2022-09-24,246,West,Furniture,7,1355.35,337.89
1268,2022-09-25,247,West,Technology,6,2853.72,659.38
1269,2022-09-26,451,West,Technology,1,323.44,72.0
1270,2022-09-27,298,East,Technology,1,82.37,11.13
1271,2022-09-28,407,North,Furniture,2,577.69,145.14
1272,2022-09-29,227,West,Office Supplies,6,2368.51,149.45
1273,2022-09-30,138,North,Furniture,6,2160.45,194.24
1274,2022-10-01,437,North,Furniture,2,205.21,27.48
1275,2022-10-02,459,East,Office Supplies,1,486.76,33.68
1276,2022-10-03,228,West,Technology,5,1177.15,128.01
1277,2022-10-04,366,West,Technology,5,481.66,124.05
1278,2022-10-05,250,North,Furniture,2,212.99,61.14
1279,2022-10-06,397,South,Technology,6,402.92,50.83
1280,2022-10-07,198,East,Furniture,9,3651.2,424.01
1281,2022-10-08,362,East,Furniture,2,157.15,18.85
1282,2022-10-09,351,East,Office Supplies,2,160.12,19.12
1283,2022-10-10,243,East,Office Supplies,3,1284.68,75.77
1284,2022-10-11,445,West,Office Supplies,7,1297.87,365.65
1285,2022-10-12,211,West,Furniture,6,208.87,21.6
1286,2022-10-13,159,South,Office Supplies,8,359.28,55.69
1287,2022-10-14,468,East,Technology,8,705.93,37.01
1288,2022-10-15,101,East,Technology,6,734.57,194.29
1289,2022-10-16,484,North,Furniture,3,1017.81,236.94
1290,2022-10-17,403,West,Furniture,3,286.55,82.15
1291,2022-10-18,353,East,Office Supplies,1,77.06,18.91
1292,2022-10-19,239,South,Furniture,7,2709.46,347.97
1293,2022-10-20,136,South,Furniture,5,1710.53,191.53
1294,2022-10-21,259,West,Technology,4,915.82,205.54
1295,2022-10-22,108,South,Technology,4,1134.67,160.02
1296,2022-10-23,332,South,Office Supplies,4,679.01,130.07
1297,2022-10-24,198,West,Furniture,6,1509.6,77.84
1298,2022-10-25,246,East,Furniture,8,2105.62,137.86
1299,2022-10-26,403,East,Technology,8,1646.99,302.79
1300,2022-10-27,307,South,Furniture,5,2275.77,435.85
1301,2022-10-28,230,South,Technology,6,166.26,39.55
1302,2022-10-29,251,East,Office Supplies,4,1581.77,131.27
1303,2022-10-30,153,West,Technology,9,717.33,127.9
1304,2022-10-31,219,South,Furniture,8,3222.58,317.78
1305,2022-11-01,260,North,Office Supplies,1,315.64,23.14
1306,2022-11-02,215,West,Technology,2,849.55,129.66
1307,2022-11-03,174,South,Technology,9,601.26,54.61
1308,2022-11-04,212,South,Office Supplies,8,2306.49,243.21
1309,2022-11-05,203,North,Office Supplies,3,781.57,101.13
1310,2022-11-06,439,North,Technology,8,2871.78,329.82
1311,2022-11-07,353,East,Furniture,1,276.46,19.88
1312,2022-11-08,326,West,Technology,4,1118.21,81.05
1313,2022-11-09,211,West,Office Supplies,3,678.62,66.72
1314,2022-11-10,198,East,Technology,6,1009.44,63.23
1315,2022-11-11,252,West,Office Supplies,7,1760.41,363.73
1316,2022-11-12,448,West,Office Supplies,4,307.51,37.46
1317,2022-11-13,483,West,Furniture,7,3370.68,404.27
1318,2022-11-14,465,West,Office Supplies,9,3266.25,434.41
1319,2022-11-15,437,West,Office Supplies,2,954.37,205.86
1320,2022-11-16,293,North,Furniture,3,386.49,103.45
1321,2022-11-17,409,West,Office Supplies,5,2210.42,530.0
1322,2022-11-18,262,North,Furniture,3,1224.66,283.98
1323,2022-11-19,307,West,Furniture,8,2760.27,472.28
1324,2022-11-20,268,East,Office Supplies,8,2560.11,572.06
1325,2022-11-21,260,South,Office Supplies,8,1375.55,258.87
1326,2022-11-22,167,North,Technology,9,3706.89,385.75
1327,2022-11-23,388,West,Furniture,4,1042.91,106.53
1328,2022-11-24,497,East,Technology,5,270.14,33.52
1329,2022-11-25,376,South,Office Supplies,5,850.87,236.29
1330,2022-11-26,403,North,Technology,8,3751.54,700.99
1331,2022-11-27,483,South,Furniture,7,2998.29,700.03
1332,2022-11-28,491,East,Technology,9,4421.83,604.2
1333,2022-11-29,234,North,Furniture,8,2571.49,390.68
1334,2022-11-30,294,South,Office Supplies,2,277.61,22.6
1335,2022-12-01,227,West,Office Supplies,4,392.6,36.44
1336,2022-12-02,132,North,Furniture,6,658.31,169.08
1337,2022-12-03,275,South,Office Supplies,2,59.0,11.58
1338,2022-12-04,470,East,Office Supplies,7,1452.69,195.22
1339,2022-12-05,474,East,Office Supplies,3,335.66,84.15
1340,2022-12-06,121,North,Office Supplies,3,652.78,72.87
1341,2022-12-07,337,South,Furniture,2,937.59,275.66
1342,2022-12-08,257,North,Technology,8,1813.27,246.98
1343,2022-12-09,137,North,Technology,6,2648.6,355.78
1344,2022-12-10,329,South,Office Supplies,1,310.64,39.76
1345,2022-12-11,464,South,Technology,1,138.62,11.16
1346,2022-12-12,150,West,Technology,7,1335.67,103.89
1347,2022-12-13,363,South,Office Supplies,8,482.25,102.25
1348,2022-12-14,382,East,Office Supplies,5,900.31,241.98
1349,2022-12-15,126,North,Technology,5,1726.1,427.43
1350,2022-12-16,325,North,Furniture,4,218.45,18.63
1351,2022-12-17,376,East,Office Supplies,6,711.56,132.63
1352,2022-12-18,385,South,Furniture,6,1218.55,93.09
1353,2022-12-19,196,East,Technology,3,1474.15,90.4
1354,2022-12-20,383,East,Office Supplies,9,3570.6,764.45
1355,2022-12-21,466,West,Furniture,7,2604.52,478.68
1356,2022-12-22,416,East,Office Supplies,1,75.77,5.34
1357,2022-12-23,403,North,Technology,7,2764.15,162.35
1358,2022-12-24,246,East,Furniture,5,1984.65,590.31
1359,2022-12-25,103,North,Technology,5,1542.65,88.71
1360,2022-12-26,134,North,Technology,2,990.75,159.64
1361,2022-12-27,291,North,Office Supplies,4,704.49,124.1
1362,2022-12-28,148,South,Furniture,6,2830.86,224.54
1363,2022-12-29,116,West,Technology,7,3213.5,296.5
1364,2022-12-30,271,North,Technology,5,127.55,17.6
1365,2022-12-31,319,North,Furniture,9,2124.5,510.77
1366,2023-01-01,257,South,Technology,3,1467.03,259.33
1367,2023-01-02,145,North,Technology,1,69.5,14.56
1368,2023-01-03,472,East,Furniture,4,1131.75,335.33
1369,2023-01-04,105,East,Furniture,9,4409.1,1067.01
1370,2023-01-05,198,West,Furniture,4,1146.55,181.83
1371,2023-01-06,479,North,Furniture,2,222.22,35.91
1372,2023-01-07,332,South,Office Supplies,5,1497.24,306.47
1373,2023-01-08,136,East,Furniture,3,354.39,76.67
1374,2023-01-09,379,South,Office Supplies,9,2425.12,424.83
1375,2023-01-10,448,South,Office Supplies,4,222.16,46.92
1376,2023-01-11,401,East,Office Supplies,6,1863.79,104.15
1377,2023-01-12,280,South,Technology,2,536.12,84.39
1378,2023-01-13,194,East,Office Supplies,6,2251.66,269.6
1379,2023-01-14,198,South,Office Supplies,3,968.21,79.68
1380,2023-01-15,287,East,Technology,9,2554.3,191.28
1381,2023-01-16,215,North,Technology,2,702.19,141.0
1382,2023-01-17,290,West,Technology,9,801.83,145.05
1383,2023-01-18,352,East,Furniture,5,1528.86,173.37
1384,2023-01-19,260,East,Technology,8,820.9,137.7
1385,2023-01-20,355,West,Technology,2,928.5,160.68
1386,2023-01-21,422,East,Office Supplies,6,316.8,31.28
1387,2023-01-22,227,East,Technology,3,679.74,144.8
1388,2023-01-23,117,South,Furniture,5,1769.91,434.03
1389,2023-01-24,380,West,Technology,8,1918.81,475.61
1390,2023-01-25,322,North,Furniture,1,64.21,12.88
1391,2023-01-26,153,East,Technology,5,1428.11,254.07
1392,2023-01-27,157,West,Technology,3,983.95,64.2
1393,2023-01-28,422,South,Technology,4,1431.28,174.56
1394,2023-01-29,459,North,Technology,2,398.33,29.2
1395,2023-01-30,273,West,Furniture,9,2615.01,760.85
1396,2023-01-31,379,North,Furniture,3,708.99,59.39
1397,2023-02-01,213,North,Office Supplies,2,685.17,60.26
1398,2023-02-02,387,North,Furniture,9,2700.97,735.73
1399,2023-02-03,441,East,Technology,7,1906.54,545.24
1400,2023-02-04,250,East,Office Supplies,6,838.63,202.49
1401,2023-02-05,226,South,Office Supplies,1,20.97,1.08
1402,2023-02-06,254,South,Office Supplies,5,517.8,26.06
1403,2023-02-07,485,West,Technology,3,228.58,33.04
1404,2023-02-08,372,South,Furniture,1,235.56,20.22
1405,2023-02-09,203,North,Technology,4,1255.54,68.55
1406,2023-02-10,492,North,Office Supplies,2,244.56,40.6
1407,2023-02-11,398,East,Technology,2,941.49,269.05
1408,2023-02-12,345,North,Technology,3,69.62,9.12
1409,2023-02-13,275,West,Furniture,8,3125.64,672.9
1410,2023-02-14,138,North,Furniture,8,2560.79,545.6
1411,2023-02-15,269,North,Office Supplies,7,1395.14,157.33
1412,2023-02-16,346,West,Technology,6,265.41,56.43
1413,2023-02-17,125,South,Technology,9,2890.74,297.99
1414,2023-02-18,454,South,Furniture,4,820.38,66.04
1415,2023-02-19,405,West,Technology,1,469.41,105.78
1416,2023-02-20,112,East,Technology,8,2241.24,175.62
1417,2023-02-21,415,North,Technology,7,3297.23,986.62
1418,2023-02-22,490,West,Furniture,7,880.83,84.44
1419,2023-02-23,412,North,Office Supplies,3,1105.05,219.39
1420,2023-02-24,135,East,Office Supplies,4,1265.12,193.37
1421,2023-02-25,272,North,Technology,9,3374.24,275.33
1422,2023-02-26,119,West,Office Supplies,6,738.24,42.05
1423,2023-02-27,420,North,Furniture,5,1695.99,348.84
1424,2023-02-28,363,South,Furniture,3,777.18,195.61
1425,2023-03-01,499,East,Office Supplies,9,3389.0,882.85
1426,2023-03-02,241,East,Office Supplies,5,884.91,151.03
1427,2023-03-03,470,East,Technology,5,2236.14,546.43
1428,2023-03-04,242,West,Office Supplies,4,241.86,52.78
1429,2023-03-05,191,East,Technology,4,1629.8,376.59
1430,2023-03-06,453,South,Technology,1,433.43,75.05
1431,2023-03-07,421,West,Furniture,7,2885.97,601.3
1432,2023-03-08,387,South,Furniture,9,2394.98,602.05
1433,2023-03-09,314,North,Furniture,3,691.27,103.32
1434,2023-03-10,441,North,Furniture,2,996.41,250.59
1435,2023-03-11,150,North,Office Supplies,3,390.01,77.22
1436,2023-03-12,252,North,Furniture,1,282.5,25.84
1437,2023-03-13,285,South,Office Supplies,6,2051.55,115.24
1438,2023-03-14,162,West,Furniture,7,2494.92,351.01
1439,2023-03-15,289,West,Office Supplies,2,235.86,44.03
1440,2023-03-16,224,East,Technology,8,2671.34,694.43
1441,2023-03-17,249,South,Office Supplies,6,2476.9,202.79
1442,2023-03-18,413,North,Office Supplies,4,176.04,44.02
1443,2023-03-19,157,South,Furniture,5,2287.65,607.95
1444,2023-03-20,441,East,Office Supplies,8,273.3,23.96
1445,2023-03-21,404,East,Technology,3,572.6,150.54
1446,2023-03-22,279,South,Technology,3,82.77,24.65
1447,2023-03-23,269,South,Furniture,4,228.12,52.86
1448,2023-03-24,425,South,Technology,1,457.36,112.6
1449,2023-03-25,370,West,Office Supplies,9,1713.0,511.51
1450,2023-03-26,153,North,Technology,8,1791.12,360.68
1451,2023-03-27,200,South,Furniture,8,986.92,125.31
1452,2023-03-28,363,South,Office Supplies,6,1839.64,477.17
1453,2023-03-29,152,South,Furniture,7,2138.54,435.45
1454,2023-03-30,159,East,Office Supplies,6,1191.94,232.78
1455,2023-03-31,207,East,Technology,9,1618.71,183.58
1456,2023-04-01,104,West,Furniture,3,1334.35,319.02
1457,2023-04-02,202,North,Furniture,3,611.93,43.09
1458,2023-04-03,295,West,Office Supplies,3,770.64,216.61
1459,2023-04-04,361,North,Furniture,3,467.96,61.52
1460,2023-04-05,464,East,Office Supplies,9,3578.84,293.26
1461,2023-04-06,471,East,Office Supplies,4,843.1,135.39
1462,2023-04-07,449,East,Office Supplies,7,1865.73,113.1
1463,2023-04-08,146,West,Office Supplies,9,1274.5,281.86
1464,2023-04-09,454,South,Technology,7,3458.54,953.44
1465,2023-04-10,410,South,Office Supplies,9,1439.26,373.22
1466,2023-04-11,407,East,Furniture,3,1169.87,95.74
1467,2023-04-12,243,South,Technology,4,900.79,73.48
1468,2023-04-13,368,South,Furniture,8,951.87,241.16
1469,2023-04-14,469,West,Technology,6,2423.19,681.07
1470,2023-04-15,223,North,Office Supplies,5,900.66,148.76
1471,2023-04-16,205,East,Technology,4,1741.17,304.26
1472,2023-04-17,257,East,Technology,8,3674.59,476.1
1473,2023-04-18,246,West,Furniture,1,432.72,118.38
1474,2023-04-19,244,West,Furniture,9,331.23,69.96
1475,2023-04-20,219,South,Office Supplies,1,397.94,48.57
1476,2023-04-21,418,East,Technology,8,1739.54,216.91
1477,2023-04-22,374,North,Technology,4,1757.55,479.46
1478,2023-04-23,191,West,Technology,9,2935.96,156.81
1479,2023-04-24,157,North,Office Supplies,5,2100.74,274.53
1480,2023-04-25,445,North,Office Supplies,3,779.18,146.94
1481,2023-04-26,328,East,Office Supplies,9,2491.31,216.88
1482,2023-04-27,216,East,Office Supplies,9,803.75,58.69
1483,2023-04-28,417,West,Office Supplies,4,1585.26,402.37
1484,2023-04-29,378,East,Furniture,4,885.23,242.2
1485,2023-04-30,226,East,Technology,8,2080.31,532.35
1486,2023-05-01,492,East,Technology,2,793.69,218.02
1487,2023-05-02,495,North,Technology,9,2767.01,520.97
1488,2023-05-03,228,West,Technology,6,699.16,176.93
1489,2023-05-04,157,South,Technology,9,2729.81,398.58
1490,2023-05-05,221,North,Technology,8,1725.31,373.65
1491,2023-05-06,100,East,Technology,7,1717.61,510.49
1492,2023-05-07,338,North,Technology,1,33.59,3.58
1493,2023-05-08,389,East,Furniture,3,362.44,53.45
1494,2023-05-09,195,East,Technology,2,309.8,52.67
1495,2023-05-10,225,North,Furniture,5,1811.1,153.04
1496,2023-05-11,217,West,Office Supplies,5,127.58,8.96
1497,2023-05-12,147,East,Technology,5,1081.07,278.3
1498,2023-05-13,188,West,Office Supplies,4,1854.13,545.48
1499,2023-05-14,336,South,Office Supplies,5,368.51,55.71
1500,2023-05-15,472,East,Office Supplies,3,803.65,57.79
1501,2023-05-16,484,West,Furniture,1,397.53,26.42
1502,2023-05-17,371,West,Office Supplies,5,2362.08,644.45
1503,2023-05-18,288,South,Office Supplies,9,3406.08,565.25
1504,2023-05-19,291,West,Office Supplies,9,3292.84,428.09
1505,2023-05-20,168,West,Technology,4,1666.86,281.89
1506,2023-05-21,377,South,Technology,3,702.53,91.03
1507,2023-05-22,448,East,Furniture,1,406.81,70.08
1508,2023-05-23,346,West,Furniture,2,47.65,12.62
1509,2023-05-24,175,West,Technology,8,3710.31,734.92
1510,2023-05-25,253,West,Furniture,1,232.79,52.07
1511,2023-05-26,243,North,Technology,8,2284.98,322.57
1512,2023-05-27,185,South,Office Supplies,7,996.4,233.78
1513,2023-05-28,284,North,Office Supplies,8,3011.32,652.42
1514,2023-05-29,384,South,Furniture,6,340.71,27.22
1515,2023-05-30,319,East,Technology,9,3949.79,762.94
1516,2023-05-31,168,East,Technology,3,1252.49,143.02
1517,2023-06-01,146,West,Furniture,4,494.84,124.22
1518,2023-06-02,193,South,Technology,6,2450.85,383.52
1519,2023-06-03,337,East,Office Supplies,8,3179.61,949.66
1520,2023-06-04,303,South,Furniture,5,1617.32,118.27
1521,2023-06-05,499,East,Furniture,3,597.87,146.53
1522,2023-06-06,317,North,Technology,6,901.92,197.0
1523,2023-06-07,440,East,Furniture,4,525.02,126.99
1524,2023-06-08,138,North,Technology,9,1556.39,197.48
1525,2023-06-09,199,East,Technology,3,1361.12,235.49
1526,2023-06-10,388,West,Technology,4,229.07,57.07
1527,2023-06-11,353,North,Technology,7,2925.01,316.3
1528,2023-06-12,321,East,Technology,7,1312.27,139.77
1529,2023-06-13,456,West,Furniture,4,1081.47,203.06
1530,2023-06-14,122,North,Office Supplies,6,2408.12,435.61
1531,2023-06-15,349,West,Office Supplies,3,1333.5,160.77
1532,2023-06-16,109,South,Furniture,6,1112.97,138.59
1533,2023-06-17,345,South,Furniture,2,483.37,57.74
1534,2023-06-18,424,North,Office Supplies,8,1751.74,425.46
1535,2023-06-19,199,East,Office Supplies,2,52.72,11.23
1536,2023-06-20,389,North,Office Supplies,7,1134.37,292.79
1537,2023-06-21,279,West,Office Supplies,9,2163.7,635.84
1538,2023-06-22,322,East,Office Supplies,1,217.32,36.63
1539,2023-06-23,493,South,Technology,8,2932.21,195.5
1540,2023-06-24,349,East,Furniture,7,1432.94,88.88
1541,2023-06-25,246,South,Technology,6,1529.4,189.52
1542,2023-06-26,195,East,Office Supplies,6,1357.27,384.29
1543,2023-06-27,356,East,Office Supplies,6,2253.0,407.35
1544,2023-06-28,424,East,Office Supplies,9,3908.04,460.94
1545,2023-06-29,103,West,Technology,2,550.61,82.48
1546,2023-06-30,115,West,Technology,1,398.93,79.65
1547,2023-07-01,379,North,Office Supplies,6,974.75,207.85
1548,2023-07-02,435,North,Technology,8,2238.86,198.09
1549,2023-07-03,346,South,Technology,3,557.13,163.94
1550,2023-07-04,357,West,Office Supplies,1,218.82,40.74
1551,2023-07-05,483,South,Technology,9,3344.03,280.64
1552,2023-07-06,259,North,Furniture,1,443.2,121.17
1553,2023-07-07,439,South,Furniture,3,234.95,16.13
1554,2023-07-08,251,North,Furniture,8,2597.01,719.2
1555,2023-07-09,495,West,Furniture,3,898.29,268.72
1556,2023-07-10,277,East,Office Supplies,4,307.36,69.19
1557,2023-07-11,262,West,Office Supplies,8,973.67,236.22
1558,2023-07-12,479,South,Office Supplies,1,169.28,22.74
1559,2023-07-13,132,South,Furniture,6,600.76,171.45
1560,2023-07-14,278,West,Furniture,1,136.99,24.99
1561,2023-07-15,200,West,Technology,1,148.45,34.6
1562,2023-07-16,367,North,Technology,8,1448.99,407.21
1563,2023-07-17,422,South,Furniture,4,1518.83,446.22
1564,2023-07-18,164,South,Furniture,1,294.52,76.07
1565,2023-07-19,267,West,Furniture,7,3453.79,434.33
1566,2023-07-20,429,East,Furniture,5,1095.37,319.45
1567,2023-07-21,142,South,Technology,5,1909.28,395.28
1568,2023-07-22,143,East,Furniture,1,438.3,123.89
1569,2023-07-23,384,West,Technology,6,2075.46,454.58
1570,2023-07-24,496,West,Furniture,9,1959.26,248.45
1571,2023-07-25,111,North,Furniture,9,3435.53,489.58
1572,2023-07-26,194,South,Furniture,8,942.08,176.75
1573,2023-07-27,401,East,Technology,5,886.13,219.32
1574,2023-07-28,485,North,Technology,1,282.41,36.57
1575,2023-07-29,352,South,Office Supplies,9,2665.77,519.65
1576,2023-07-30,341,North,Furniture,1,30.63,4.18
1577,2023-07-31,134,West,Office Supplies,8,3789.24,962.25
1578,2023-08-01,314,South,Office Supplies,5,1771.91,295.35
1579,2023-08-02,436,North,Technology,3,773.81,53.53
1580,2023-08-03,189,North,Technology,7,3275.31,299.73
1581,2023-08-04,363,East,Office Supplies,7,1615.36,105.44
1582,2023-08-05,192,North,Furniture,9,4415.48,771.94
1583,2023-08-06,189,South,Technology,7,1861.28,142.54
1584,2023-08-07,214,South,Furniture,3,224.57,17.64
1585,2023-08-08,204,East,Furniture,1,387.1,110.42
1586,2023-08-09,490,South,Office Supplies,8,2766.97,742.0
1587,2023-08-10,295,West,Office Supplies,3,1173.1,191.24
1588,2023-08-11,413,South,Office Supplies,8,3813.54,1130.53
1589,2023-08-12,213,South,Office Supplies,8,3141.72,157.23
1590,2023-08-13,174,North,Technology,5,1567.21,318.92
1591,2023-08-14,475,North,Technology,1,431.51,88.07
1592,2023-08-15,316,South,Office Supplies,7,2402.11,394.81
1593,2023-08-16,376,East,Technology,5,1079.49,161.1
1594,2023-08-17,348,North,Office Supplies,8,3560.78,583.42
1595,2023-08-18,263,East,Furniture,9,1138.61,175.05
1596,2023-08-19,493,South,Furniture,7,2541.19,591.14
1597,2023-08-20,456,South,Furniture,7,3102.05,260.07
1598,2023-08-21,291,West,Office Supplies,1,371.03,36.88
1599,2023-08-22,326,North,Furniture,4,1418.77,134.97
1600,2023-08-23,276,South,Technology,2,762.53,88.16
1601,2023-08-24,198,West,Furniture,2,486.45,88.2
1602,2023-08-25,135,North,Furniture,2,879.2,68.4
1603,2023-08-26,195,South,Furniture,4,470.6,125.67
1604,2023-08-27,251,South,Technology,1,81.15,10.09
1605,2023-08-28,250,North,Office Supplies,4,628.18,56.93
1606,2023-08-29,289,North,Technology,2,550.31,120.47
1607,2023-08-30,323,North,Office Supplies,5,1325.35,78.89
1608,2023-08-31,136,South,Office Supplies,3,1241.66,254.53
1609,2023-09-01,367,South,Furniture,8,1713.54,384.77
1610,2023-09-02,468,West,Office Supplies,4,1009.94,104.76
1611,2023-09-03,282,East,Technology,1,26.42,1.6
1612,2023-09-04,112,North,Technology,1,216.67,30.53
1613,2023-09-05,378,South,Office Supplies,3,992.79,74.11
1614,2023-09-06,316,South,Furniture,9,247.0,19.54
1615,2023-09-07,454,North,Furniture,7,1083.76,123.08
1616,2023-09-08,460,East,Technology,2,239.64,29.68
1617,2023-09-09,385,North,Furniture,9,361.38,65.95
1618,2023-09-10,372,East,Office Supplies,2,500.09,109.82
1619,2023-09-11,468,South,Office Supplies,3,321.68,63.75
1620,2023-09-12,161,East,Technology,2,753.36,65.61
1621,2023-09-13,183,West,Office Supplies,3,1281.02,119.16
1622,2023-09-14,467,South,Technology,6,1691.29,456.13
1623,2023-09-15,316,West,Office Supplies,9,4420.98,838.17
1624,2023-09-16,441,North,Technology,9,2126.07,568.69
1625,2023-09-17,496,North,Furniture,7,1864.92,266.47
1626,2023-09-18,286,North,Office Supplies,3,1484.47,302.24
1627,2023-09-19,118,East,Office Supplies,4,524.57,94.9
1628,2023-09-20,276,South,Technology,6,2834.53,367.87
1629,2023-09-21,199,North,Technology,5,202.81,33.97
1630,2023-09-22,495,North,Office Supplies,2,468.53,82.28
1631,2023-09-23,332,South,Technology,6,321.61,32.22
1632,2023-09-24,175,North,Office Supplies,3,1110.1,142.93
1633,2023-09-25,364,West,Furniture,8,2496.29,618.71
1634,2023-09-26,383,South,Technology,2,718.37,200.39
1635,2023-09-27,305,South,Office Supplies,1,199.75,27.95
1636,2023-09-28,322,South,Furniture,9,1776.16,225.12
1637,2023-09-29,483,West,Furniture,3,125.26,12.38
1638,2023-09-30,151,South,Office Supplies,1,187.97,41.28
1639,2023-10-01,438,West,Technology,7,3262.41,426.64
1640,2023-10-02,466,South,Office Supplies,5,1010.14,299.95
1641,2023-10-03,243,East,Furniture,5,2095.28,275.36
1642,2023-10-04,472,North,Office Supplies,1,424.32,63.03
1643,2023-10-05,168,East,Technology,9,1792.4,359.97
1644,2023-10-06,198,North,Furniture,7,2263.48,566.82
1645,2023-10-07,495,West,Office Supplies,8,526.23,88.08
1646,2023-10-08,124,East,Technology,9,627.89,97.74
1647,2023-10-09,478,South,Furniture,6,260.13,77.76
1648,2023-10-10,152,North,Technology,5,1494.44,78.64
1649,2023-10-11,250,North,Furniture,6,1347.08,368.79
1650,2023-10-12,243,East,Office Supplies,2,566.11,49.41
1651,2023-10-13,156,West,Technology,4,1080.46,266.31
1652,2023-10-14,138,East,Furniture,3,564.29,115.39
1653,2023-10-15,208,West,Technology,7,2416.31,327.32
1654,2023-10-16,280,West,Technology,9,3456.73,928.02
1655,2023-10-17,141,North,Office Supplies,5,135.11,7.19
1656,2023-10-18,285,East,Technology,6,716.86,76.47
1657,2023-10-19,497,East,Furniture,2,724.71,138.94
1658,2023-10-20,322,West,Furniture,3,616.73,85.04
1659,2023-10-21,221,East,Furniture,3,1013.98,205.43
1660,2023-10-22,232,South,Furniture,9,1678.88,94.06
1661,2023-10-23,262,South,Office Supplies,7,1452.94,114.95
1662,2023-10-24,314,East,Technology,8,769.33,62.91
1663,2023-10-25,320,East,Office Supplies,9,1295.56,126.09
1664,2023-10-26,334,West,Technology,6,1863.59,307.18
1665,2023-10-27,430,South,Technology,4,911.67,217.01
1666,2023-10-28,245,South,Technology,1,391.67,108.25
1667,2023-10-29,338,North,Office Supplies,8,3433.93,888.85
1668,2023-10-30,175,West,Technology,7,1959.93,194.47
1669,2023-10-31,108,North,Office Supplies,2,767.94,123.09
1670,2023-11-01,173,South,Furniture,8,1338.51,133.65
1671,2023-11-02,352,West,Furniture,5,1095.93,127.26
1672,2023-11-03,329,East,Technology,7,2534.93,445.86
1673,2023-11-04,106,West,Office Supplies,4,821.53,55.06
1674,2023-11-05,273,East,Furniture,5,1512.41,158.11
1675,2023-11-06,240,East,Office Supplies,8,871.83,247.46
1676,2023-11-07,267,West,Office Supplies,1,307.89,51.27
1677,2023-11-08,269,East,Technology,1,433.53,69.95
1678,2023-11-09,492,North,Furniture,4,1747.79,93.75
1679,2023-11-10,382,South,Technology,3,1103.06,123.38
1680,2023-11-11,221,East,Technology,2,755.92,201.51
1681,2023-11-12,293,North,Furniture,3,863.42,78.71
1682,2023-11-13,104,East,Furniture,1,300.64,46.23
1683,2023-11-14,128,South,Office Supplies,1,84.15,4.51
1684,2023-11-15,264,North,Furniture,6,1398.31,237.13
1685,2023-11-16,438,South,Office Supplies,5,1181.86,65.3
1686,2023-11-17,235,South,Office Supplies,8,3840.63,978.99
1687,2023-11-18,464,North,Office Supplies,2,453.84,116.28
1688,2023-11-19,420,North,Furniture,4,1134.74,280.21
1689,2023-11-20,441,North,Technology,8,2207.69,266.78
1690,2023-11-21,244,West,Office Supplies,6,1953.87,506.66
1691,2023-11-22,426,North,Technology,1,379.15,70.43
1692,2023-11-23,316,North,Technology,4,512.08,73.46
1693,2023-11-24,400,North,Furniture,1,273.79,56.49
1694,2023-11-25,231,North,Technology,2,832.88,44.21
1695,2023-11-26,391,East,Technology,5,1211.48,103.87
1696,2023-11-27,169,West,Furniture,8,1229.28,289.59
1697,2023-11-28,351,South,Office Supplies,8,2674.08,296.93
1698,2023-11-29,374,North,Technology,3,1246.23,248.63
1699,2023-11-30,463,East,Furniture,4,201.23,29.44
1700,2023-12-01,281,East,Technology,6,2357.16,621.59
1701,2023-12-02,266,East,Technology,3,1243.17,358.16
1702,2023-12-03,190,South,Office Supplies,2,483.06,130.86
1703,2023-12-04,301,North,Technology,6,2951.92,347.31
1704,2023-12-05,445,West,Furniture,5,1988.1,195.91
1705,2023-12-06,118,West,Technology,5,1956.79,329.93
1706,2023-12-07,138,East,Office Supplies,5,1894.81,98.21
1707,2023-12-08,225,South,Office Supplies,5,461.46,26.05
1708,2023-12-09,272,South,Furniture,3,372.81,70.21
1709,2023-12-10,240,South,Office Supplies,7,1699.01,306.01
1710,2023-12-11,341,West,Technology,6,880.33,262.91
1711,2023-12-12,319,East,Office Supplies,4,877.26,88.13
1712,2023-12-13,225,North,Furniture,2,892.93,102.26
1713,2023-12-14,157,West,Office Supplies,9,3741.09,293.25
1714,2023-12-15,247,East,Office Supplies,1,322.42,90.08
1715,2023-12-16,416,East,Office Supplies,4,1727.59,422.31
1716,2023-12-17,482,North,Furniture,1,396.21,101.27
1717,2023-12-18,460,North,Office Supplies,6,1355.48,373.69
1718,2023-12-19,100,North,Office Supplies,4,466.05,84.46
1719,2023-12-20,486,South,Technology,5,1334.08,217.19
1720,2023-12-21,447,North,Furniture,5,1866.95,247.55
1721,2023-12-22,289,East,Office Supplies,9,2065.33,407.5
1722,2023-12-23,290,North,Furniture,1,340.05,55.62
1723,2023-12-24,468,East,Office Supplies,2,130.55,21.27
1724,2023-12-25,411,West,Office Supplies,6,2274.25,646.41
1725,2023-12-26,216,South,Office Supplies,5,2050.51,606.97
1726,2023-12-27,233,West,Technology,7,2514.98,626.53
1727,2023-12-28,157,West,Technology,3,1452.86,347.51
1728,2023-12-29,143,East,Technology,3,1250.38,275.26
1729,2023-12-30,272,West,Furniture,2,906.97,83.0
1730,2023-12-31,259,East,Furniture,3,1404.34,90.97
1731,2024-01-01,272,North,Technology,1,404.65,90.11
1732,2024-01-02,416,North,Furniture,5,1718.22,398.96
1733,2024-01-03,402,East,Office Supplies,5,113.72,7.02
1734,2024-01-04,248,North,Office Supplies,7,1705.17,480.88
1735,2024-01-05,179,South,Office Supplies,4,1176.63,85.64
1736,2024-01-06,473,West,Technology,3,497.8,60.47
1737,2024-01-07,312,South,Furniture,1,172.69,37.66
1738,2024-01-08,302,West,Technology,8,3850.85,356.08
1739,2024-01-09,351,North,Furniture,3,1344.06,85.82
1740,2024-01-10,328,South,Office Supplies,2,855.21,113.56
1741,2024-01-11,263,North,Technology,4,859.54,207.57
1742,2024-01-12,326,West,Furniture,3,79.73,12.23
1743,2024-01-13,246,East,Furniture,1,58.51,12.48
1744,2024-01-14,119,East,Office Supplies,3,509.56,99.32
1745,2024-01-15,146,South,Technology,2,55.11,3.06
1746,2024-01-16,332,North,Technology,8,225.86,67.11
1747,2024-01-17,404,North,Technology,6,2759.82,166.57
1748,2024-01-18,113,South,Office Supplies,9,3230.6,943.18
1749,2024-01-19,242,East,Technology,8,1346.39,252.4
1750,2024-01-20,100,West,Office Supplies,3,251.01,72.99
1751,2024-01-21,472,South,Office Supplies,5,1327.93,104.49
1752,2024-01-22,153,West,Office Supplies,7,157.96,27.26
1753,2024-01-23,473,East,Furniture,5,2352.19,217.29
1754,2024-01-24,358,North,Technology,8,1752.89,109.98
1755,2024-01-25,243,East,Technology,5,1065.6,217.79
1756,2024-01-26,111,South,Office Supplies,1,207.48,21.15
1757,2024-01-27,429,North,Office Supplies,5,266.39,52.46
1758,2024-01-28,323,South,Technology,4,1305.58,101.95
1759,2024-01-29,371,South,Office Supplies,6,2231.05,296.72
1760,2024-01-30,457,East,Technology,3,1033.62,253.66
1761,2024-01-31,255,South,Furniture,5,432.25,68.84
1762,2024-02-01,472,East,Office Supplies,2,595.69,123.27
1763,2024-02-02,107,North,Technology,6,1760.12,372.91
1764,2024-02-03,221,East,Office Supplies,6,2621.02,683.93
1765,2024-02-04,447,North,Technology,5,1009.91,132.53
1766,2024-02-05,263,East,Technology,6,1189.88,263.94
1767,2024-02-06,189,West,Office Supplies,7,2218.25,644.19
1768,2024-02-07,235,West,Furniture,5,1619.37,376.6
1769,2024-02-08,285,South,Technology,1,245.26,42.3
1770,2024-02-09,415,East,Technology,8,1861.35,386.56
1771,2024-02-10,277,East,Technology,4,1028.76,241.68
1772,2024-02-11,127,North,Furniture,9,3899.72,791.91
1773,2024-02-12,319,South,Furniture,6,1448.16,78.45
1774,2024-02-13,456,East,Office Supplies,1,471.17,46.5
1775,2024-02-14,140,South,Furniture,3,785.77,198.5
1776,2024-02-15,327,West,Office Supplies,3,1426.85,168.6
1777,2024-02-16,291,East,Office Supplies,4,1679.04,391.03
1778,2024-02-17,244,East,Furniture,6,1163.8,166.46
1779,2024-02-18,300,South,Office Supplies,7,3041.84,548.96
1780,2024-02-19,311,East,Furniture,4,291.32,19.52
1781,2024-02-20,319,South,Office Supplies,6,2784.14,265.35
1782,2024-02-21,339,East,Furniture,1,323.19,93.5
1783,2024-02-22,496,North,Furniture,8,368.86,100.53
1784,2024-02-23,145,South,Office Supplies,7,2304.7,491.06
1785,2024-02-24,134,East,Technology,9,4388.75,723.75
1786,2024-02-25,352,West,Office Supplies,3,160.51,35.14
1787,2024-02-26,489,East,Furniture,2,572.5,117.16
1788,2024-02-27,181,West,Technology,1,378.94,72.81
1789,2024-02-28,470,West,Office Supplies,3,1226.77,79.49
1790,2024-02-29,355,North,Office Supplies,5,1093.19,227.6
1791,2024-03-01,296,South,Office Supplies,2,236.0,57.17
1792,2024-03-02,402,East,Technology,3,120.97,36.11
1793,2024-03-03,109,North,Furniture,4,1193.07,62.96
1794,2024-03-04,411,East,Office Supplies,7,1661.78,386.44
1795,2024-03-05,385,West,Office Supplies,3,1426.19,275.18
1796,2024-03-06,341,South,Office Supplies,9,441.81,70.03
1797,2024-03-07,350,East,Office Supplies,8,2791.92,228.64
1798,2024-03-08,464,East,Office Supplies,4,127.94,19.48
1799,2024-03-09,104,West,Furniture,1,102.29,14.18
1800,2024-03-10,218,East,Furniture,1,237.72,29.88
1801,2024-03-11,388,East,Office Supplies,1,238.34,55.47
1802,2024-03-12,473,West,Technology,1,349.14,78.62
1803,2024-03-13,164,North,Furniture,8,3655.22,721.01
1804,2024-03-14,245,West,Technology,3,980.21,279.03
1805,2024-03-15,323,North,Furniture,6,2866.18,394.0
1806,2024-03-16,338,South,Office Supplies,3,1329.53,147.51
1807,2024-03-17,276,North,Furniture,5,1502.8,321.56
1808,2024-03-18,366,North,Office Supplies,7,2941.54,293.28
1809,2024-03-19,440,South,Furniture,2,656.87,84.57
1810,2024-03-20,381,North,Office Supplies,6,346.25,36.75
1811,2024-03-21,162,West,Office Supplies,6,2252.83,151.59
1812,2024-03-22,316,North,Office Supplies,3,196.67,50.52
1813,2024-03-23,441,South,Office Supplies,6,1830.96,208.06
1814,2024-03-24,414,West,Technology,5,1786.34,300.56
1815,2024-03-25,382,South,Office Supplies,2,103.87,6.32
1816,2024-03-26,276,South,Technology,9,1177.03,264.64
1817,2024-03-27,197,East,Technology,8,3676.18,487.61
1818,2024-03-28,204,East,Office Supplies,3,947.49,223.78
1819,2024-03-29,198,South,Technology,8,1105.74,169.29
1820,2024-03-30,484,South,Furniture,9,3163.74,313.02
1821,2024-03-31,410,South,Office Supplies,3,919.36,163.92
1822,2024-04-01,105,East,Technology,3,782.27,64.64
1823,2024-04-02,296,East,Office Supplies,2,977.14,156.47
1824,2024-04-03,450,North,Office Supplies,8,2784.46,360.1
1825,2024-04-04,232,North,Office Supplies,1,200.21,55.66
1826,2024-04-05,457,South,Technology,8,3232.28,210.85
1827,2024-04-06,358,West,Furniture,7,3112.2,695.59
1828,2024-04-07,122,West,Furniture,7,560.74,53.66
1829,2024-04-08,152,East,Technology,3,348.8,45.26
1830,2024-04-09,264,East,Office Supplies,1,123.79,19.05
1831,2024-04-10,301,East,Technology,4,1407.13,389.78
1832,2024-04-11,182,South,Technology,9,2785.13,308.16
1833,2024-04-12,244,West,Technology,5,1585.58,115.47
1834,2024-04-13,184,North,Office Supplies,1,471.57,61.15
1835,2024-04-14,177,South,Technology,5,1962.19,149.46
1836,2024-04-15,465,North,Office Supplies,8,651.28,53.5
1837,2024-04-16,100,North,Technology,8,1494.43,289.12
1838,2024-04-17,150,South,Furniture,5,1144.94,74.68
1839,2024-04-18,272,North,Technology,9,1890.55,109.15
1840,2024-04-19,304,West,Technology,1,341.27,78.02
1841,2024-04-20,359,North,Furniture,4,1792.43,251.68
1842,2024-04-21,468,West,Office Supplies,3,500.71,40.73
1843,2024-04-22,387,West,Office Supplies,2,569.8,64.62
1844,2024-04-23,133,West,Technology,8,3191.33,671.84
1845,2024-04-24,447,East,Furniture,7,1538.49,182.9
1846,2024-04-25,194,North,Office Supplies,9,906.27,157.36
1847,2024-04-26,171,South,Technology,2,495.95,39.89
1848,2024-04-27,138,South,Furniture,4,186.03,36.65
1849,2024-04-28,253,North,Office Supplies,6,2834.06,365.65
1850,2024-04-29,349,East,Office Supplies,3,167.74,34.68
1851,2024-04-30,261,East,Furniture,8,1843.67,464.79
1852,2024-05-01,217,West,Furniture,3,823.03,167.0
1853,2024-05-02,358,North,Furniture,2,985.89,122.19
1854,2024-05-03,478,North,Furniture,3,299.07,34.07
1855,2024-05-04,405,South,Technology,6,449.56,59.28
1856,2024-05-05,367,North,Furniture,2,48.36,4.41
1857,2024-05-06,153,East,Office Supplies,8,757.39,72.17
1858,2024-05-07,335,North,Office Supplies,1,119.49,29.59
1859,2024-05-08,488,South,Technology,7,2258.75,330.19
1860,2024-05-09,321,West,Office Supplies,2,250.92,39.9
1861,2024-05-10,350,South,Office Supplies,6,179.1,35.55
1862,2024-05-11,412,South,Furniture,2,833.55,164.55
1863,2024-05-12,211,West,Office Supplies,2,390.97,26.13
1864,2024-05-13,354,South,Technology,8,1518.2,391.52
1865,2024-05-14,402,South,Furniture,2,330.38,31.17
1866,2024-05-15,306,North,Furniture,7,3417.25,788.59
1867,2024-05-16,328,North,Technology,3,304.97,74.16
1868,2024-05-17,440,West,Furniture,8,3609.23,825.52
1869,2024-05-18,497,North,Furniture,7,2750.06,535.56
1870,2024-05-19,165,North,Technology,8,453.68,24.34
1871,2024-05-20,174,South,Furniture,7,3455.41,484.08
1872,2024-05-21,202,East,Technology,6,901.53,181.4
1873,2024-05-22,291,North,Technology,7,471.24,69.21
1874,2024-05-23,351,East,Office Supplies,5,2090.35,555.76
1875,2024-05-24,325,North,Office Supplies,7,2514.43,319.84
1876,2024-05-25,393,North,Furniture,1,316.27,39.02
1877,2024-05-26,405,West,Furniture,1,94.87,11.05
1878,2024-05-27,197,West,Technology,9,2247.1,299.3
1879,2024-05-28,437,West,Furniture,5,1973.33,373.65
1880,2024-05-29,385,East,Technology,5,828.7,187.91
1881,2024-05-30,434,South,Technology,3,508.83,109.73
1882,2024-05-31,446,North,Furniture,5,107.54,27.09
1883,2024-06-01,407,North,Technology,3,310.91,84.41
1884,2024-06-02,348,North,Office Supplies,9,3961.75,1006.36
1885,2024-06-03,265,East,Furniture,9,2088.34,114.31
1886,2024-06-04,434,West,Office Supplies,6,2954.6,691.32
1887,2024-06-05,129,South,Furniture,1,209.94,21.43
1888,2024-06-06,346,East,Technology,7,2543.03,211.66
1889,2024-06-07,205,West,Furniture,7,1087.25,227.91
1890,2024-06-08,150,East,Office Supplies,4,778.51,101.16
1891,2024-06-09,180,South,Technology,8,892.39,57.36
1892,2024-06-10,232,West,Furniture,6,1119.54,94.5
1893,2024-06-11,384,East,Furniture,4,1130.7,56.8
1894,2024-06-12,487,South,Furniture,4,1984.2,547.25
1895,2024-06-13,237,North,Office Supplies,2,677.63,38.05
1896,2024-06-14,283,South,Office Supplies,2,231.28,23.67
1897,2024-06-15,429,North,Furniture,4,166.33,25.63
1898,2024-06-16,372,East,Technology,5,403.26,56.11
1899,2024-06-17,439,West,Technology,8,2320.21,644.86
1900,2024-06-18,168,West,Office Supplies,6,2323.66,139.59
1901,2024-06-19,133,East,Technology,4,1885.6,335.74
1902,2024-06-20,361,West,Office Supplies,7,193.17,42.52
1903,2024-06-21,152,West,Furniture,8,2167.4,613.21
1904,2024-06-22,304,North,Office Supplies,2,492.03,100.91
1905,2024-06-23,225,East,Office Supplies,7,2344.34,588.29
1906,2024-06-24,334,South,Furniture,2,577.2,40.94
1907,2024-06-25,142,North,Technology,2,699.56,102.47
1908,2024-06-26,339,East,Office Supplies,8,2687.04,385.55
1909,2024-06-27,470,North,Office Supplies,2,152.33,41.37
1910,2024-06-28,210,South,Furniture,9,3634.78,319.29
1911,2024-06-29,348,South,Technology,1,79.15,6.96
1912,2024-06-30,250,East,Office Supplies,9,3197.65,422.54
1913,2024-07-01,282,South,Furniture,1,219.75,13.98
1914,2024-07-02,435,North,Office Supplies,2,533.3,50.99
1915,2024-07-03,194,South,Furniture,6,2721.5,792.78
1916,2024-07-04,473,North,Technology,6,2682.87,421.33
1917,2024-07-05,499,North,Technology,1,412.57,85.82
1918,2024-07-06,107,South,Technology,7,1854.1,429.28
1919,2024-07-07,487,East,Technology,8,2987.16,423.4
1920,2024-07-08,459,West,Office Supplies,2,532.38,46.21
1921,2024-07-09,487,South,Office Supplies,8,3499.29,355.69
1922,2024-07-10,283,North,Technology,9,1919.99,246.37
1923,2024-07-11,380,North,Technology,6,2914.28,609.13
1924,2024-07-12,294,South,Technology,5,2337.57,349.63
1925,2024-07-13,451,East,Office Supplies,9,3383.72,174.95
1926,2024-07-14,294,East,Technology,9,1387.08,250.86
1927,2024-07-15,254,North,Technology,1,83.19,23.32
1928,2024-07-16,192,North,Technology,3,1290.77,326.59
1929,2024-07-17,259,East,Furniture,9,894.11,229.16
1930,2024-07-18,160,West,Technology,2,860.09,213.96
1931,2024-07-19,221,South,Furniture,4,1022.27,133.85
1932,2024-07-20,150,North,Furniture,4,860.59,207.66
1933,2024-07-21,376,North,Technology,2,907.06,77.82
1934,2024-07-22,104,East,Furniture,3,929.55,199.32
1935,2024-07-23,191,South,Technology,3,890.32,187.32
1936,2024-07-24,269,East,Office Supplies,1,288.21,16.25
1937,2024-07-25,416,South,Office Supplies,6,1188.97,293.67
1938,2024-07-26,121,South,Office Supplies,8,3176.87,876.22
1939,2024-07-27,425,South,Office Supplies,3,424.03,49.55
1940,2024-07-28,100,North,Furniture,5,2353.35,595.63
1941,2024-07-29,232,West,Technology,1,449.11,31.71
1942,2024-07-30,332,East,Technology,7,1273.93,254.78
1943,2024-07-31,111,West,Technology,1,370.14,63.45
1944,2024-08-01,445,East,Office Supplies,9,2656.32,495.35
1945,2024-08-02,145,South,Office Supplies,8,1456.57,410.1
1946,2024-08-03,133,North,Technology,7,3461.43,927.07
1947,2024-08-04,177,West,Office Supplies,7,224.8,55.36
1948,2024-08-05,317,North,Technology,5,706.35,83.65
1949,2024-08-06,400,East,Technology,5,1348.18,374.73
1950,2024-08-07,172,North,Technology,5,1352.69,100.61
1951,2024-08-08,381,North,Technology,1,302.69,79.71
1952,2024-08-09,348,West,Technology,8,3046.44,402.25
1953,2024-08-10,146,South,Technology,1,319.27,20.26
1954,2024-08-11,220,North,Technology,4,1232.54,267.88
1955,2024-08-12,313,South,Office Supplies,9,411.18,44.33
1956,2024-08-13,338,East,Technology,9,1806.61,200.34
1957,2024-08-14,155,North,Technology,5,656.93,83.11
1958,2024-08-15,449,West,Office Supplies,4,589.51,38.86
1959,2024-08-16,206,East,Office Supplies,3,858.25,80.92
1960,2024-08-17,418,East,Office Supplies,3,347.29,17.81
1961,2024-08-18,147,West,Technology,5,805.48,129.97
1962,2024-08-19,160,North,Furniture,1,133.8,9.51
1963,2024-08-20,436,North,Furniture,5,2376.41,524.39
1964,2024-08-21,125,East,Office Supplies,6,2840.64,309.36
1965,2024-08-22,391,North,Furniture,7,2189.4,625.94
1966,2024-08-23,356,South,Office Supplies,9,4173.94,1117.84
1967,2024-08-24,107,West,Technology,3,1191.57,145.8
1968,2024-08-25,212,South,Furniture,2,606.35,149.04
1969,2024-08-26,454,North,Technology,3,69.27,17.37
1970,2024-08-27,352,East,Furniture,9,3517.27,1043.37
1971,2024-08-28,279,West,Technology,7,2500.36,498.72
1972,2024-08-29,306,North,Furniture,9,2837.9,200.05
1973,2024-08-30,402,North,Technology,2,770.01,163.02
1974,2024-08-31,226,East,Technology,5,1331.01,274.51
1975,2024-09-01,155,East,Furniture,4,1431.84,300.1
1976,2024-09-02,313,South,Technology,2,937.77,118.9
1977,2024-09-03,113,West,Technology,9,1803.48,477.78
1978,2024-09-04,127,West,Technology,9,3239.09,938.91
1979,2024-09-05,177,East,Furniture,6,1489.98,155.6
1980,2024-09-06,315,South,Furniture,6,2062.27,148.56
1981,2024-09-07,485,West,Technology,8,3089.51,304.73
1982,2024-09-08,464,East,Technology,6,250.9,64.01
1983,2024-09-09,253,North,Furniture,1,330.37,72.4
1984,2024-09-10,113,West,Furniture,4,515.34,107.71
1985,2024-09-11,286,South,Technology,7,2391.31,359.77
1986,2024-09-12,411,South,Technology,2,489.6,95.21
1987,2024-09-13,470,South,Technology,9,3521.75,447.15
1988,2024-09-14,106,North,Office Supplies,8,633.86,107.31
1989,2024-09-15,102,West,Furniture,8,2565.08,636.82
1990,2024-09-16,210,West,Office Supplies,7,1075.66,317.65
1991,2024-09-17,337,North,Furniture,4,1717.73,486.33
1992,2024-09-18,462,West,Furniture,2,931.25,263.98
1993,2024-09-19,338,North,Furniture,3,1494.81,225.05
1994,2024-09-20,373,North,Furniture,6,2412.5,403.36
1995,2024-09-21,393,North,Furniture,5,1908.96,432.21
1996,2024-09-22,326,South,Furniture,8,987.52,277.05
1997,2024-09-23,470,West,Furniture,6,1087.7,93.0
1998,2024-09-24,114,North,Office Supplies,6,1461.17,184.2
1999,2024-09-25,291,West,Technology,1,391.22,33.18
2000,2024-09-26,218,South,Technology,4,1836.73,372.86
